{
    "eval_loss": 0.5688562393188477,
    "eval_accuracy": 0.926829268292683,
    "eval_precision": 0.9274390243902438,
    "eval_recall": 0.926829268292683,
    "eval_f1": 0.9262672811059908
}